epoch,train_loss,train_mean_error_deg,train_median_error_deg,train_p90_error_deg
1,0.051281646616726566,3.2251741623953034,2.674186073964421,6.355901787377983
2,0.006158787736672977,2.6575514700325598,2.138345063788222,5.532447771501916
3,0.003679113937902232,1.9125510527784177,1.5760083115557961,3.846960489088
4,0.0031539819700275445,1.801287169874853,1.4710196479130104,3.72354658264515
5,0.002531362848940577,1.948804326238839,1.642942126269972,3.8798237681051266
6,0.0025863596052784934,2.341165419979086,2.1081586099236063,4.462261940669479
7,0.0018990166682575482,1.2465611697788972,1.0030592262125282,2.5252690972746508
8,0.001692720695897603,1.3490240255204577,1.0941509155987177,2.77761647144379
9,0.0013927457472897474,1.1008332456059078,0.9167363080691899,2.22779940277795
10,0.0012503382026705352,1.4744420364976916,1.2163785740182362,3.0492891242206617
11,0.0015837608554918326,1.1404284991481688,0.905160087535009,2.37498145756845
12,0.001239626009544536,1.1900988629971185,1.01516427655271,2.383235890909484
13,0.0010177648419992288,1.035875554537087,0.8586558837382512,2.1417124862318704
14,0.000896571774430224,1.0941213751756331,0.8808504705805973,2.3368877743042535
15,0.0008781603908321826,1.0136730348686378,0.8329965934061363,2.0943832983450252
16,0.0009227039980040123,0.916040648169305,0.744297439021139,1.9099611741100604
17,0.0008047789215279057,1.3458837237469201,1.161103172684065,2.6979960121386486
18,0.0008225473877594497,0.9365496998118963,0.7543794100098467,1.9652357545452792
19,0.0006924183694256921,1.0005894716475123,0.8334354680530964,2.0737041818458724
20,0.0006884656833245773,0.9126805931950206,0.7621255611884834,1.89716896175548
21,0.0006464868723846357,0.8562257873858992,0.7110935986341929,1.7720742515825691
22,0.0006549324560531106,1.0898494208149203,0.9368835561720772,2.184837685069297
23,0.0006463584007862234,0.9025360625043697,0.7381492478866818,1.8927302838066027
24,0.0006025335697889662,0.9485188670211637,0.7902500183725181,1.9397896473157321
25,0.0005785024640493686,0.8793657301132222,0.7191825897858735,1.8148033165170205
26,0.0005756537018622634,0.8954296922277118,0.7205760621941124,1.9029282215466738
27,0.000583888484258015,1.124750031084483,0.939699286638799,2.372265031156343
28,0.0005709539425071868,0.9544115072561454,0.8064344313703202,1.9549331069450917
29,0.0005432098740218643,0.842818056450028,0.702301050341049,1.737775588793869
30,0.0005095719563482659,0.9532861492370657,0.8083060293639903,1.923153029776097
31,0.0005118521071720087,0.8872609783708773,0.742621406786057,1.8010179454480753
32,0.0005105557364256116,0.805707898437093,0.6577111840255299,1.6946588970513659
33,0.0005219798285206837,0.8661164313754228,0.6896901851927879,1.8148433537231201
34,0.0004919062928124018,0.897991161218803,0.7490343022285373,1.8395944258539318
35,0.00045808355822825385,1.033491634495207,0.8689376449819974,2.1587831874886123
36,0.00044630594144228186,0.7972349978507036,0.6474016665202242,1.681199376403234
37,0.00045443268272553453,0.775231247258558,0.6395331327022973,1.6153137318822672
38,0.00043144670996507684,1.0631698775731941,0.9216249322526977,2.113565108944286
39,0.0004224302813357649,0.9745530167196848,0.8424009347732238,1.9515860148860982
40,0.00042512170413732834,0.8683503311730573,0.6843263524100109,1.8237683062383871
41,0.000427640844058234,0.9995794332446148,0.8238204956192021,2.064934440585748
42,0.00043532597080068455,0.8061489813605562,0.6742851711989459,1.673739440797502
43,0.0004095360971019886,0.847687857260566,0.7285757113409659,1.6956523309184206
44,0.0004254417361638484,0.8681907992391552,0.7076280707024267,1.8288259871106962
45,0.0004155357902710252,0.9957001141978029,0.8364464277680526,2.031826900911557
46,0.0003972403811577275,0.7651199578970378,0.6272166165065016,1.577536131444569
47,0.0003828624661968236,0.7567064268451104,0.6020926309045791,1.6002582790432627
48,0.0003978568462601838,0.8552611483675548,0.6960634611661618,1.7785592503852683
49,0.00039013553788466287,0.9276977677339984,0.733839138155318,1.9964084578454422
50,0.00039333486879745196,0.7655045776877993,0.5987229212476279,1.631045549566966
51,0.00036328836760764405,0.9327369966825791,0.7463011624912355,1.9921885974462272
52,0.01064111660253598,3.516650928656187,2.7599583631721316,6.6741389511625515
53,0.0033962526415567654,1.9135044124785054,1.518834817491836,3.8497467865687645
54,0.0020502492269527644,1.7485362018302282,1.3420489298856637,3.6161871001276977
55,0.0014553420596078888,1.313752912137207,1.0777907674801241,2.564260613983294
56,0.0012792632439934369,1.1539075026620544,0.9165906738256098,2.3325339840304227
57,0.0009655560533015357,1.0798641104859978,0.8626600874489014,2.2002662469595435
58,0.0012157733261949418,1.2564705626136374,0.9868245737009573,2.633824193565434
59,0.0011754643772595966,1.0281407614054103,0.8439988902905355,2.0494630551754343
60,0.0008153075660539074,0.9395038295205025,0.7565787819958274,1.9214817756081635
61,0.0006554134630611405,0.9893958526536542,0.8219638420990094,1.9726508759825097
62,0.0007227028278722153,0.9512836227858379,0.7949513761444678,1.9306580959512076
63,0.0006610980466038535,0.9469290131398442,0.7972695805847394,1.896398099386656
64,0.004375895202565794,2.5863599605751855,2.164767145617958,5.123475824999895
65,0.0016572797375061605,1.8828008530587614,1.5722348012889,3.8002246935383086
66,0.0011764131170126577,1.1078792354434133,0.8726252909348773,2.212949375938221
67,0.0008223813575315014,0.9244695293971147,0.7274921356482338,1.8944320438431224
68,0.0007867398488528783,0.9164210051385345,0.7435784531392073,1.8516987689808075
69,0.0008513914411242619,0.9850894394826358,0.8126015992814359,1.9845537283441592
70,0.0006692698738697059,1.0221697833823886,0.859750867999864,2.0619721107253244
71,0.000568491918539397,0.8814463479031149,0.7309816883583835,1.7882994614876737
72,0.0006027202379402312,0.792819287748634,0.625009954553704,1.5724267114053987
73,0.0006495302360004114,0.917303197326759,0.7249738531837266,1.900270094360522
74,0.0005439645707485875,0.8830919746595799,0.7365536185650967,1.7876969302382606
75,0.00047816059380473833,0.7679597210133172,0.6231224481639543,1.6052487026301951
76,0.00044057111283327984,0.7979075386899567,0.6661420071178412,1.6496872070842414
77,0.00045643711662727985,0.8566204117303196,0.7353167116500572,1.7263011939906618
78,0.00041589017076865446,0.7710572053175189,0.643122627009447,1.575263845914955
79,0.00042033471677323345,0.6914633452787269,0.5516615777750076,1.4636709598039717
80,0.000419901915405765,0.7937780981773002,0.6524948258716847,1.6441519172631018
81,0.00041657390034768936,0.8926032299581004,0.7604825703516696,1.8233384937362507
82,0.00039866688662936985,0.7191394503821291,0.5941081475745591,1.4916935069088908
83,0.00038668144870807405,0.6743150777433395,0.5476972592123559,1.4346509910377794
84,0.0004084890219193263,0.6949058026492062,0.5614385455780706,1.4306656831933908
85,0.00035559587841407753,0.6963901932951929,0.548680810353602,1.4622921544973908
86,0.00037335291547063444,0.6927479127974722,0.5656307501097473,1.4270741724516627
87,0.0003758342470380984,0.7179854483628195,0.5768202091837793,1.5170733690468896
88,0.000359816718780172,0.7984501580235548,0.6780617874001109,1.5955320522518008
89,0.0003561428025750872,0.8352974110602194,0.7215859585795954,1.6810521463220256
90,0.00039216747357843863,0.7594386820681904,0.5939833984549807,1.6268276218049977
91,0.0003583417648199164,0.8452808915789243,0.6861453772389723,1.7678559611125797
92,0.000354893047451715,0.7535480162205574,0.6166554368455621,1.5786242689744543
93,0.0003539595730667232,0.8467428230127315,0.6993969341667423,1.7845607069846807
94,0.0003613583667700742,0.7500170717260612,0.6254289050590103,1.522272032511674
95,0.00036072643620034116,0.7287327060385496,0.5812157227071708,1.5404277891028018
96,0.0003376086047483521,0.7563354078351964,0.6053199850658757,1.5656987111167726
97,0.0003481422932349077,0.7014001674843762,0.5666740327854995,1.463382664668655
98,0.0003284437775606187,0.6424420911690709,0.5120764659179429,1.3426302803196366
99,0.00032083946922718115,0.7287990415762978,0.601305291582122,1.4932769949895914
100,0.00033553540709005506,0.8204111229112429,0.6736365094403283,1.7043760201561364
